{
  "0": [
    0.6975095730615987,
    0.23105697683859605,
    0.5171388377512536,
    0.08004617581029283,
    0.28710065042558874,
    0.08368991710343832,
    0.7101095331496217,
    0.6676806603774724,
    0.8503667363135976,
    0.37743078165415644
  ],
  "1": [
    0.0646340277699643,
    0.29631190133853635,
    0.04280244845336367,
    0.938971585918178,
    0.41504331964786245,
    0.6464885914030345,
    0.4444041543929129,
    0.2063321911046596,
    0.5331558489972448,
    0.9924608091501896
  ],
  "2": [
    0.9016683521711912,
    0.53501254439603,
    0.24152364714508612,
    0.1,
    0.3649893251294879,
    0.37000805027315276,
    0.9686722231723609,
    0.5076068025544596,
    0.699230373196082,
    0.8593419028590036
  ],
  "3": [
    0.44352198258257103,
    0.3218072370683298,
    0.9108082890098472,
    0.8429600185023822,
    0.15076085715447796,
    0.6231556808864657,
    0.1086310189001608,
    0.1,
    0.48521176439015545,
    0.9102466697473843
  ],
  "4": [
    0.21103969196907646,
    0.8284391056749091,
    0.9443256603414766,
    0.1,
    0.4831532513353962,
    0.9249787102832017,
    0.37833509384866815,
    0.27966565510017183,
    0.4046591468107744,
    0.8063606188805945
  ],
  "5": [
    0.24054879819054742,
    0.4039880793248197,
    0.010903744313887187,
    0.19260817847439204,
    0.18733863297448405,
    0.3098732828571725,
    0.42523952692416234,
    0.9208623097261625,
    0.817705343900816,
    0.8912250179255079
  ],
  "6": [
    0.876340791901099,
    0.5981560479861373,
    0.39027711251467034,
    0.8497292458736755,
    0.7917146025801982,
    0.6089235547581157,
    0.8574071708925947,
    0.5790340755689615,
    0.08691489343002745,
    0.2613443056708423
  ],
  "7": [
    0.08095520801292866,
    0.9197869886168455,
    0.23121853150225835,
    0.8297792940769991,
    0.20324818266621236,
    0.16052212769189123,
    0.7882049028260607,
    0.5801617801770406,
    0.325607366305698,
    0.7890652059960362
  ],
  "8": [
    0.45621276733715344,
    0.3523554032599866,
    0.8674961226642935,
    0.7844955771304819,
    0.7930925584592082,
    0.8508246580691609,
    0.1,
    0.8853654184395185,
    0.9420494699160388,
    0.3477812006173566
  ],
  "9": [
    0.4859943637881713,
    0.6437327953106038,
    0.024175739811711727,
    0.1121911048747406,
    0.01742497373933327,
    0.4225320438122301,
    0.24873563628986883,
    0.6754539225669018,
    0.49118251711891403,
    0.4561155541398668
  ],
  "10": [
    0.7508591297851954,
    0.560311599123323,
    0.25963701168804687,
    0.5117868356048744,
    0.15048341360040507,
    0.2630120869330841,
    0.5918729097714271,
    0.5823361923815367,
    0.26818173717873706,
    0.06103816565261588
  ],
  "11": [
    0.0453106361400919,
    0.7501590196597133,
    0.2711449255832996,
    0.33793841774822,
    0.20886113277081786,
    0.22341605330883652,
    0.29448993441696025,
    0.48567317386246256,
    0.6457534754186126,
    0.8124104592335867
  ],
  "12": [
    0.8915692961122244,
    0.8914029855720227,
    0.5987738734050146,
    0.731639515911543,
    0.5717772239947118,
    0.3063132780195694,
    0.03460584895318497,
    0.10233838652720983,
    0.8083038750266874,
    0.48306213763685746
  ],
  "13": [
    0.40428406505417347,
    0.4554693269626142,
    0.7588837129229744,
    0.1,
    0.23070065622628366,
    0.48030750750383344,
    0.5931588854365418,
    0.8676251008746355,
    0.5956591423001806,
    0.8739408743138614
  ],
  "14": [
    0.1348028953405932,
    0.1270117935156263,
    0.5974136201439738,
    0.7269804500869478,
    0.15106620410495342,
    0.29137550516181954,
    0.1,
    0.13397945161909242,
    0.13519153183924293,
    0.831350664085051
  ],
  "15": [
    0.0003089185537367145,
    0.8706308306995849,
    0.7573928858993457,
    0.8670026254293355,
    0.6935563855756437,
    0.26217764250320363,
    0.24070471039238484,
    0.505869258689817,
    0.48912555056207874,
    0.9196484081284307
  ],
  "16": [
    0.09445890276685376,
    0.1026124459608666,
    0.20710517964189912,
    0.718295665182008,
    0.668422525728799,
    0.2821888797158921,
    0.23626593741415558,
    0.5581759353879246,
    0.324294663451707,
    0.9886301029515769
  ],
  "17": [
    0.5635123354501818,
    0.8447062502553265,
    0.23721123654866394,
    0.1,
    0.9846349446161492,
    0.5163409624307064,
    0.1443341115260085,
    0.8380342049583165,
    0.3527831854742428,
    0.43439276923849324
  ],
  "18": [
    0.5702364150617356,
    0.3928879465240671,
    0.41017875117514047,
    0.2577324198009956,
    0.4211799847827771,
    0.639209795021591,
    0.1,
    0.20803761215603678,
    0.16783477218682674,
    0.9331281705017833
  ],
  "19": [
    0.09557228678533969,
    0.4884128700827427,
    0.42089204235628463,
    0.6734322806089115,
    0.6519956849617539,
    0.595883751525026,
    0.8956285517273206,
    0.3345359652925489,
    0.9968026284838404,
    0.6507486020757847
  ],
  "20": [
    0.07128734158379568,
    0.433464461953454,
    0.5261916448551895,
    0.6270103520745228,
    0.11284563342790499,
    0.2465022882294835,
    0.46193617260845776,
    0.6330032663537342,
    0.3294560616519948,
    0.9098589448061428
  ],
  "21": [
    0.17609401486563003,
    0.04628618714743282,
    0.11795394006679505,
    0.39548981596653787,
    0.9766700010700906,
    0.6973055712149901,
    0.04563394520572395,
    0.7696592657834976,
    0.7901546283260537,
    0.6393665152991044
  ],
  "22": [
    0.20197607490473102,
    0.08416011082718633,
    0.23452944981815993,
    0.9005725231524859,
    0.9085183211838584,
    0.19261567165660043,
    0.9264733466027487,
    0.38125703995498705,
    0.5063863384643551,
    0.011696675998891015
  ],
  "23": [
    0.17038332869996708,
    0.3962042191112789,
    0.008964449215525971,
    0.79310650319992,
    0.3298430924485286,
    0.0914691285871092,
    0.24955275334660332,
    0.33757691499740194,
    0.0742584756750666,
    0.7744097901304263
  ],
  "24": [
    0.330806467134368,
    0.3928540711523566,
    0.36713071961141586,
    0.2870673003641556,
    0.14328721554910118,
    0.6177673753401678,
    0.09839980018593597,
    0.9696269234359605,
    0.23798839423606388,
    0.4699065473221309
  ],
  "25": [
    0.2997973904727915,
    0.4822372099670088,
    0.42856459629889887,
    0.5707167982455005,
    0.3618775571832371,
    0.10710589735791387,
    0.5793763875047465,
    0.6953418756660632,
    0.1,
    0.599064470523556
  ],
  "26": [
    0.0781697508523943,
    0.5859212202956406,
    0.3569273044041432,
    0.34381006567427197,
    0.1567599542248177,
    0.702252677828295,
    0.9395619116338297,
    0.9437980761350132,
    0.18003117925840317,
    0.38106425235152797
  ],
  "27": [
    0.5630430822823516,
    0.043678582011976275,
    0.5850378736936647,
    0.8485126844909017,
    0.7549809331668063,
    0.20334132671509364,
    0.741605072070427,
    0.8915150629125758,
    0.014974172029522781,
    0.04779396809807346
  ],
  "28": [
    0.3645982669417249,
    0.6773162149868087,
    0.09372268593508959,
    0.25297777106272645,
    0.8567007648987544,
    0.427746161311794,
    0.15132866964538372,
    0.8799747199377321,
    0.17956739249396425,
    0.6780569454944992
  ],
  "29": [
    0.8108497048749191,
    0.003786857360218221,
    0.8206842670893375,
    0.198870668047179,
    0.9162143925688585,
    0.194243266205111,
    0.2741414179323399,
    0.7250432376566947,
    0.5116492708010334,
    0.3903935444321297
  ],
  "30": [
    0.7882369192233647,
    0.806965383868659,
    0.14344809178362217,
    0.07001396189428966,
    0.9182343369227107,
    0.747698070894835,
    0.555017023427815,
    0.018322800457324373,
    0.2391420166722329,
    0.9339018118882398
  ],